,fl_date,mkt_unique_carrier,branded_code_share,mkt_carrier,mkt_carrier_fl_num,op_unique_carrier,tail_num,op_carrier_fl_num,origin_airport_id,origin,origin_city_name,dest_airport_id,dest,dest_city_name,crs_dep_time,dep_time,dep_delay,taxi_out,wheels_off,wheels_on,taxi_in,crs_arr_time,arr_time,arr_delay,cancelled,cancellation_code,diverted,dup,crs_elapsed_time,actual_elapsed_time,air_time,flights,distance,carrier_delay,weather_delay,nas_delay,security_delay,late_aircraft_delay,first_dep_time,total_add_gtime,longest_add_gtime,no_name
0,2018-09-01,WN,WN,WN,5861,WN,N8303R,5861,10792,BUF,"Buffalo, NY",14107,PHX,"Phoenix, AZ",1735,1742.0,7.0,8.0,1750.0,1855.0,5.0,1915,1900.0,-15.0,0.0,,0.0,N,280.0,258.0,245.0,1.0,1912.0,,,,,,,,,
1,2018-09-01,WN,WN,WN,2776,WN,N966WN,2776,10792,BUF,"Buffalo, NY",15304,TPA,"Tampa, FL",955,954.0,-1.0,9.0,1003.0,1215.0,5.0,1235,1220.0,-15.0,0.0,,0.0,N,160.0,146.0,132.0,1.0,1053.0,,,,,,,,,
2,2018-09-01,WN,WN,WN,4310,WN,N8701Q,4310,10792,BUF,"Buffalo, NY",15304,TPA,"Tampa, FL",1325,1323.0,-2.0,11.0,1334.0,1549.0,5.0,1600,1554.0,-6.0,0.0,,0.0,N,155.0,151.0,135.0,1.0,1053.0,,,,,,,,,
3,2018-09-01,WN,WN,WN,3910,WN,N7831B,3910,10800,BUR,"Burbank, CA",11259,DAL,"Dallas, TX",1330,1329.0,-1.0,7.0,1336.0,1821.0,3.0,1830,1824.0,-6.0,0.0,,0.0,N,180.0,175.0,165.0,1.0,1243.0,,,,,,,,,
4,2018-09-01,WN,WN,WN,2764,WN,N928WN,2764,10800,BUR,"Burbank, CA",11292,DEN,"Denver, CO",1125,1124.0,-1.0,9.0,1133.0,1419.0,3.0,1440,1422.0,-18.0,0.0,,0.0,N,135.0,118.0,106.0,1.0,850.0,,,,,,,,,
5,2018-09-01,WN,WN,WN,3768,WN,N477WN,3768,10800,BUR,"Burbank, CA",12889,LAS,"Las Vegas, NV",1315,1317.0,2.0,9.0,1326.0,1410.0,8.0,1420,1418.0,-2.0,0.0,,0.0,N,65.0,61.0,44.0,1.0,223.0,,,,,,,,,
6,2018-09-01,WN,WN,WN,3783,WN,N202WN,3783,10800,BUR,"Burbank, CA",12889,LAS,"Las Vegas, NV",1845,1838.0,-7.0,12.0,1850.0,1933.0,3.0,1945,1936.0,-9.0,0.0,,0.0,N,60.0,58.0,43.0,1.0,223.0,,,,,,,,,
7,2018-09-01,WN,WN,WN,4085,WN,N564WN,4085,10800,BUR,"Burbank, CA",12889,LAS,"Las Vegas, NV",1105,1101.0,-4.0,13.0,1114.0,1201.0,4.0,1210,1205.0,-5.0,0.0,,0.0,N,65.0,64.0,47.0,1.0,223.0,,,,,,,,,
8,2018-09-01,WN,WN,WN,4332,WN,N291WN,4332,10800,BUR,"Burbank, CA",12889,LAS,"Las Vegas, NV",745,745.0,0.0,7.0,752.0,835.0,4.0,850,839.0,-11.0,0.0,,0.0,N,65.0,54.0,43.0,1.0,223.0,,,,,,,,,
9,2018-09-01,WN,WN,WN,4793,WN,N222WN,4793,10800,BUR,"Burbank, CA",12889,LAS,"Las Vegas, NV",945,1059.0,74.0,10.0,1109.0,1154.0,3.0,1050,1157.0,67.0,0.0,,0.0,N,65.0,58.0,45.0,1.0,223.0,0.0,0.0,63.0,0.0,4.0,1002.0,20.0,20.0,
10,2018-09-01,WN,WN,WN,5523,WN,N437WN,5523,10800,BUR,"Burbank, CA",12889,LAS,"Las Vegas, NV",1600,1557.0,-3.0,6.0,1603.0,1645.0,7.0,1705,1652.0,-13.0,0.0,,0.0,N,65.0,55.0,42.0,1.0,223.0,,,,,,,,,
11,2018-09-01,WN,WN,WN,5553,WN,N7722B,5553,10800,BUR,"Burbank, CA",12889,LAS,"Las Vegas, NV",1435,1435.0,0.0,11.0,1446.0,1530.0,5.0,1540,1535.0,-5.0,0.0,,0.0,N,65.0,60.0,44.0,1.0,223.0,,,,,,,,,
12,2018-09-01,WN,WN,WN,2823,WN,N281WN,2823,10800,BUR,"Burbank, CA",13796,OAK,"Oakland, CA",910,917.0,7.0,8.0,925.0,1018.0,13.0,1020,1031.0,11.0,0.0,,0.0,N,70.0,74.0,53.0,1.0,325.0,,,,,,,,,
13,2018-09-01,WN,WN,WN,2852,WN,N938WN,2852,10800,BUR,"Burbank, CA",13796,OAK,"Oakland, CA",815,815.0,0.0,15.0,830.0,924.0,5.0,925,929.0,4.0,0.0,,0.0,N,70.0,74.0,54.0,1.0,325.0,,,,,,,,,
14,2018-09-01,WN,WN,WN,2907,WN,N420WN,2907,10800,BUR,"Burbank, CA",13796,OAK,"Oakland, CA",1825,1822.0,-3.0,9.0,1831.0,1927.0,4.0,1935,1931.0,-4.0,0.0,,0.0,N,70.0,69.0,56.0,1.0,325.0,,,,,,,,,
15,2018-09-01,WN,WN,WN,3064,WN,N943WN,3064,10800,BUR,"Burbank, CA",13796,OAK,"Oakland, CA",1020,1017.0,-3.0,7.0,1024.0,1118.0,8.0,1135,1126.0,-9.0,0.0,,0.0,N,75.0,69.0,54.0,1.0,325.0,,,,,,,,,
16,2018-09-01,WN,WN,WN,3170,WN,N269WN,3170,10800,BUR,"Burbank, CA",13796,OAK,"Oakland, CA",715,714.0,-1.0,7.0,721.0,813.0,17.0,830,830.0,0.0,0.0,,0.0,N,75.0,76.0,52.0,1.0,325.0,,,,,,,,,
17,2018-09-01,WN,WN,WN,4576,WN,N929WN,4576,10800,BUR,"Burbank, CA",13796,OAK,"Oakland, CA",1625,1621.0,-4.0,10.0,1631.0,1722.0,4.0,1740,1726.0,-14.0,0.0,,0.0,N,75.0,65.0,51.0,1.0,325.0,,,,,,,,,
18,2018-09-01,WN,WN,WN,6273,WN,N561WN,6273,10800,BUR,"Burbank, CA",13796,OAK,"Oakland, CA",1405,1411.0,6.0,11.0,1422.0,1516.0,3.0,1515,1519.0,4.0,0.0,,0.0,N,70.0,68.0,54.0,1.0,325.0,,,,,,,,,
19,2018-09-01,WN,WN,WN,6740,WN,N774SW,6740,10800,BUR,"Burbank, CA",13796,OAK,"Oakland, CA",1210,1217.0,7.0,8.0,1225.0,1317.0,4.0,1320,1321.0,1.0,0.0,,0.0,N,70.0,64.0,52.0,1.0,325.0,,,,,,,,,
20,2018-09-01,WN,WN,WN,3022,WN,N7723E,3022,10800,BUR,"Burbank, CA",14057,PDX,"Portland, OR",1050,1053.0,3.0,9.0,1102.0,1300.0,3.0,1310,1303.0,-7.0,0.0,,0.0,N,140.0,130.0,118.0,1.0,817.0,,,,,,,,,
21,2018-09-01,WN,WN,WN,5872,WN,N7701B,5872,10800,BUR,"Burbank, CA",14107,PHX,"Phoenix, AZ",905,904.0,-1.0,14.0,918.0,1022.0,6.0,1030,1028.0,-2.0,0.0,,0.0,N,85.0,84.0,64.0,1.0,369.0,,,,,,,,,
22,2018-09-01,WN,WN,WN,6391,WN,N476WN,6391,10800,BUR,"Burbank, CA",14107,PHX,"Phoenix, AZ",1325,1320.0,-5.0,10.0,1330.0,1429.0,11.0,1450,1440.0,-10.0,0.0,,0.0,N,85.0,80.0,59.0,1.0,369.0,,,,,,,,,
23,2018-09-01,WN,WN,WN,6730,WN,N7844A,6730,10800,BUR,"Burbank, CA",14107,PHX,"Phoenix, AZ",1540,1540.0,0.0,7.0,1547.0,1645.0,5.0,1705,1650.0,-15.0,0.0,,0.0,N,85.0,70.0,58.0,1.0,369.0,,,,,,,,,
24,2018-09-01,WN,WN,WN,3295,WN,N8608N,3295,10800,BUR,"Burbank, CA",14771,SFO,"San Francisco, CA",930,951.0,21.0,16.0,1007.0,1104.0,6.0,1045,1110.0,25.0,0.0,,0.0,N,75.0,79.0,57.0,1.0,326.0,2.0,0.0,4.0,0.0,19.0,,,,
25,2018-09-01,WN,WN,WN,3771,WN,N273WN,3771,10800,BUR,"Burbank, CA",14771,SFO,"San Francisco, CA",1545,1543.0,-2.0,8.0,1551.0,1647.0,5.0,1705,1652.0,-13.0,0.0,,0.0,N,80.0,69.0,56.0,1.0,326.0,,,,,,,,,
26,2018-09-01,WN,WN,WN,2988,WN,N7819A,2988,10800,BUR,"Burbank, CA",14831,SJC,"San Jose, CA",710,711.0,1.0,8.0,719.0,808.0,3.0,820,811.0,-9.0,0.0,,0.0,N,70.0,60.0,49.0,1.0,296.0,,,,,,,,,
27,2018-09-01,WN,WN,WN,4061,WN,N551WN,4061,10800,BUR,"Burbank, CA",14831,SJC,"San Jose, CA",835,956.0,81.0,27.0,1023.0,1113.0,3.0,940,1116.0,96.0,0.0,,0.0,N,65.0,80.0,50.0,1.0,296.0,0.0,0.0,15.0,0.0,81.0,,,,
28,2018-09-01,WN,WN,WN,4088,WN,N564WN,4088,10800,BUR,"Burbank, CA",14831,SJC,"San Jose, CA",1440,1437.0,-3.0,15.0,1452.0,1541.0,6.0,1545,1547.0,2.0,0.0,,0.0,N,65.0,70.0,49.0,1.0,296.0,,,,,,,,,
29,2018-09-01,WN,WN,WN,6889,WN,N737JW,6889,10800,BUR,"Burbank, CA",14831,SJC,"San Jose, CA",1130,1141.0,11.0,7.0,1148.0,1242.0,3.0,1235,1245.0,10.0,0.0,,0.0,N,65.0,64.0,54.0,1.0,296.0,,,,,,,,,
30,2018-09-01,WN,WN,WN,2348,WN,N786SW,2348,10800,BUR,"Burbank, CA",14893,SMF,"Sacramento, CA",950,946.0,-4.0,15.0,1001.0,1102.0,3.0,1105,1105.0,0.0,0.0,,0.0,N,75.0,79.0,61.0,1.0,358.0,,,,,,,,,
31,2018-09-01,WN,WN,WN,2810,WN,N414WN,2810,10800,BUR,"Burbank, CA",14893,SMF,"Sacramento, CA",740,735.0,-5.0,8.0,743.0,841.0,3.0,900,844.0,-16.0,0.0,,0.0,N,80.0,69.0,58.0,1.0,358.0,,,,,,,,,
32,2018-09-01,WN,WN,WN,4117,WN,N474WN,4117,10800,BUR,"Burbank, CA",14893,SMF,"Sacramento, CA",1155,1205.0,10.0,8.0,1213.0,1315.0,2.0,1310,1317.0,7.0,0.0,,0.0,N,75.0,72.0,62.0,1.0,358.0,,,,,,,,,
33,2018-09-01,WN,WN,WN,3355,WN,N7707C,3355,10821,BWI,"Baltimore, MD",10140,ABQ,"Albuquerque, NM",1400,1418.0,18.0,15.0,1433.0,1618.0,4.0,1610,1622.0,12.0,0.0,,0.0,N,250.0,244.0,225.0,1.0,1670.0,,,,,,,,,
34,2018-09-01,WN,WN,WN,3996,WN,N709SW,3996,10821,BWI,"Baltimore, MD",10140,ABQ,"Albuquerque, NM",815,810.0,-5.0,19.0,829.0,1006.0,5.0,1025,1011.0,-14.0,0.0,,0.0,N,250.0,241.0,217.0,1.0,1670.0,,,,,,,,,
35,2018-09-01,WN,WN,WN,1653,WN,N8689C,1653,10821,BWI,"Baltimore, MD",10257,ALB,"Albany, NY",1640,1639.0,-1.0,12.0,1651.0,1742.0,2.0,1755,1744.0,-11.0,0.0,,0.0,N,75.0,65.0,51.0,1.0,289.0,,,,,,,,,
36,2018-09-01,WN,WN,WN,3812,WN,N7834A,3812,10821,BWI,"Baltimore, MD",10257,ALB,"Albany, NY",1105,1100.0,-5.0,10.0,1110.0,1203.0,2.0,1220,1205.0,-15.0,0.0,,0.0,N,75.0,65.0,53.0,1.0,289.0,,,,,,,,,
37,2018-09-01,WN,WN,WN,4176,WN,N438WN,4176,10821,BWI,"Baltimore, MD",10257,ALB,"Albany, NY",1900,1854.0,-6.0,7.0,1901.0,1953.0,2.0,2010,1955.0,-15.0,0.0,,0.0,N,70.0,61.0,52.0,1.0,289.0,,,,,,,,,
38,2018-09-01,WN,WN,WN,6044,WN,N7883A,6044,10821,BWI,"Baltimore, MD",10257,ALB,"Albany, NY",920,935.0,15.0,10.0,945.0,1036.0,3.0,1035,1039.0,4.0,0.0,,0.0,N,75.0,64.0,51.0,1.0,289.0,,,,,,,,,
39,2018-09-01,WN,WN,WN,2679,WN,N259WN,2679,10821,BWI,"Baltimore, MD",10397,ATL,"Atlanta, GA",1030,1027.0,-3.0,10.0,1037.0,1158.0,10.0,1225,1208.0,-17.0,0.0,,0.0,N,115.0,101.0,81.0,1.0,577.0,,,,,,,,,
40,2018-09-01,WN,WN,WN,2748,WN,N901WN,2748,10821,BWI,"Baltimore, MD",10397,ATL,"Atlanta, GA",1350,1356.0,6.0,11.0,1407.0,1532.0,6.0,1545,1538.0,-7.0,0.0,,0.0,N,115.0,102.0,85.0,1.0,577.0,,,,,,,,,
41,2018-09-01,WN,WN,WN,3377,WN,N958WN,3377,10821,BWI,"Baltimore, MD",10397,ATL,"Atlanta, GA",715,714.0,-1.0,20.0,734.0,857.0,5.0,910,902.0,-8.0,0.0,,0.0,N,115.0,108.0,83.0,1.0,577.0,,,,,,,,,
42,2018-09-01,WN,WN,WN,5621,WN,N225WN,5621,10821,BWI,"Baltimore, MD",10397,ATL,"Atlanta, GA",1610,1608.0,-2.0,67.0,1715.0,1837.0,8.0,1805,1845.0,40.0,0.0,,0.0,N,115.0,157.0,82.0,1.0,577.0,0.0,0.0,40.0,0.0,0.0,,,,
43,2018-09-01,WN,WN,WN,3385,WN,N8581Z,3385,10821,BWI,"Baltimore, MD",10423,AUS,"Austin, TX",915,925.0,10.0,8.0,933.0,1121.0,8.0,1140,1129.0,-11.0,0.0,,0.0,N,205.0,184.0,168.0,1.0,1342.0,,,,,,,,,
44,2018-09-01,WN,WN,WN,4052,WN,N8625A,4052,10821,BWI,"Baltimore, MD",10423,AUS,"Austin, TX",1645,1644.0,-1.0,15.0,1659.0,1850.0,6.0,1905,1856.0,-9.0,0.0,,0.0,N,200.0,192.0,171.0,1.0,1342.0,,,,,,,,,
45,2018-09-01,WN,WN,WN,3685,WN,N8578Q,3685,10821,BWI,"Baltimore, MD",10529,BDL,"Hartford, CT",2125,2133.0,8.0,11.0,2144.0,2232.0,3.0,2235,2235.0,0.0,0.0,,0.0,N,70.0,62.0,48.0,1.0,283.0,,,,,,,,,
46,2018-09-01,WN,WN,WN,4185,WN,N8657B,4185,10821,BWI,"Baltimore, MD",10529,BDL,"Hartford, CT",1110,1108.0,-2.0,11.0,1119.0,1204.0,5.0,1220,1209.0,-11.0,0.0,,0.0,N,70.0,61.0,45.0,1.0,283.0,,,,,,,,,
47,2018-09-01,WN,WN,WN,5302,WN,N957WN,5302,10821,BWI,"Baltimore, MD",10529,BDL,"Hartford, CT",1645,1643.0,-2.0,10.0,1653.0,1740.0,5.0,1755,1745.0,-10.0,0.0,,0.0,N,70.0,62.0,47.0,1.0,283.0,,,,,,,,,
48,2018-09-01,WN,WN,WN,5331,WN,N7749B,5331,10821,BWI,"Baltimore, MD",10529,BDL,"Hartford, CT",730,723.0,-7.0,9.0,732.0,819.0,4.0,840,823.0,-17.0,0.0,,0.0,N,70.0,60.0,47.0,1.0,283.0,,,,,,,,,
49,2018-09-01,WN,WN,WN,6085,WN,N7834A,6085,10821,BWI,"Baltimore, MD",10529,BDL,"Hartford, CT",1445,1445.0,0.0,13.0,1458.0,1543.0,4.0,1555,1547.0,-8.0,0.0,,0.0,N,70.0,62.0,45.0,1.0,283.0,,,,,,,,,
50,2018-09-01,WN,WN,WN,3294,WN,N8576Z,3294,10821,BWI,"Baltimore, MD",10599,BHM,"Birmingham, AL",910,955.0,45.0,16.0,1011.0,1042.0,4.0,1010,1046.0,36.0,0.0,,0.0,N,120.0,111.0,91.0,1.0,682.0,0.0,0.0,36.0,0.0,0.0,,,,
51,2018-09-01,WN,WN,WN,2596,WN,N8688J,2596,10821,BWI,"Baltimore, MD",10693,BNA,"Nashville, TN",1620,1629.0,9.0,25.0,1654.0,1718.0,8.0,1710,1726.0,16.0,0.0,,0.0,N,110.0,117.0,84.0,1.0,587.0,9.0,0.0,7.0,0.0,0.0,,,,
52,2018-09-01,WN,WN,WN,2819,WN,N7747C,2819,10821,BWI,"Baltimore, MD",10693,BNA,"Nashville, TN",1155,1211.0,16.0,11.0,1222.0,1243.0,5.0,1245,1248.0,3.0,0.0,,0.0,N,110.0,97.0,81.0,1.0,587.0,,,,,,,,,
53,2018-09-01,WN,WN,WN,5656,WN,N7816B,5656,10821,BWI,"Baltimore, MD",10693,BNA,"Nashville, TN",1910,1903.0,-7.0,11.0,1914.0,1936.0,7.0,2000,1943.0,-17.0,0.0,,0.0,N,110.0,100.0,82.0,1.0,587.0,,,,,,,,,
54,2018-09-01,WN,WN,WN,5746,WN,N793SA,5746,10821,BWI,"Baltimore, MD",10693,BNA,"Nashville, TN",840,837.0,-3.0,29.0,906.0,927.0,5.0,935,932.0,-3.0,0.0,,0.0,N,115.0,115.0,81.0,1.0,587.0,,,,,,,,,
55,2018-09-01,WN,WN,WN,1531,WN,N478WN,1531,10821,BWI,"Baltimore, MD",10721,BOS,"Boston, MA",1245,1241.0,-4.0,10.0,1251.0,1349.0,8.0,1410,1357.0,-13.0,0.0,,0.0,N,85.0,76.0,58.0,1.0,369.0,,,,,,,,,
56,2018-09-01,WN,WN,WN,3397,WN,N447WN,3397,10821,BWI,"Baltimore, MD",10721,BOS,"Boston, MA",1120,1125.0,5.0,10.0,1135.0,1229.0,6.0,1250,1235.0,-15.0,0.0,,0.0,N,90.0,70.0,54.0,1.0,369.0,,,,,,,,,
57,2018-09-01,WN,WN,WN,3418,WN,N8606C,3418,10821,BWI,"Baltimore, MD",10721,BOS,"Boston, MA",2120,2124.0,4.0,16.0,2140.0,2241.0,6.0,2245,2247.0,2.0,0.0,,0.0,N,85.0,83.0,61.0,1.0,369.0,,,,,,,,,
58,2018-09-01,WN,WN,WN,3723,WN,N440LV,3723,10821,BWI,"Baltimore, MD",10721,BOS,"Boston, MA",1650,1700.0,10.0,10.0,1710.0,1804.0,6.0,1820,1810.0,-10.0,0.0,,0.0,N,90.0,70.0,54.0,1.0,369.0,,,,,,,,,
59,2018-09-01,WN,WN,WN,4054,WN,N927WN,4054,10821,BWI,"Baltimore, MD",10721,BOS,"Boston, MA",655,651.0,-4.0,14.0,705.0,759.0,11.0,820,810.0,-10.0,0.0,,0.0,N,85.0,79.0,54.0,1.0,369.0,,,,,,,,,
60,2018-09-01,WN,WN,WN,4435,WN,N7752B,4435,10821,BWI,"Baltimore, MD",10721,BOS,"Boston, MA",1510,1514.0,4.0,13.0,1527.0,1621.0,9.0,1635,1630.0,-5.0,0.0,,0.0,N,85.0,76.0,54.0,1.0,369.0,,,,,,,,,
61,2018-09-01,WN,WN,WN,3912,WN,N727SW,3912,10821,BWI,"Baltimore, MD",10792,BUF,"Buffalo, NY",2130,2141.0,11.0,6.0,2147.0,2233.0,2.0,2235,2235.0,0.0,0.0,,0.0,N,65.0,54.0,46.0,1.0,281.0,,,,,,,,,
62,2018-09-01,WN,WN,WN,4310,WN,N8701Q,4310,10821,BWI,"Baltimore, MD",10792,BUF,"Buffalo, NY",1120,1119.0,-1.0,11.0,1130.0,1215.0,3.0,1225,1218.0,-7.0,0.0,,0.0,N,65.0,59.0,45.0,1.0,281.0,,,,,,,,,
63,2018-09-01,WN,WN,WN,5095,WN,N491WN,5095,10821,BWI,"Baltimore, MD",10792,BUF,"Buffalo, NY",1625,1624.0,-1.0,9.0,1633.0,1717.0,2.0,1730,1719.0,-11.0,0.0,,0.0,N,65.0,55.0,44.0,1.0,281.0,,,,,,,,,
64,2018-09-01,WN,WN,WN,6004,WN,N781WN,6004,10821,BWI,"Baltimore, MD",10792,BUF,"Buffalo, NY",805,803.0,-2.0,21.0,824.0,911.0,2.0,915,913.0,-2.0,0.0,,0.0,N,70.0,70.0,47.0,1.0,281.0,,,,,,,,,
65,2018-09-01,WN,WN,WN,3101,WN,N463WN,3101,10821,BWI,"Baltimore, MD",10994,CHS,"Charleston, SC",825,821.0,-4.0,15.0,836.0,944.0,6.0,1005,950.0,-15.0,0.0,,0.0,N,100.0,89.0,68.0,1.0,472.0,,,,,,,,,
66,2018-09-01,WN,WN,WN,3259,WN,N707SA,3259,10821,BWI,"Baltimore, MD",10994,CHS,"Charleston, SC",1910,1906.0,-4.0,11.0,1917.0,2022.0,5.0,2045,2027.0,-18.0,0.0,,0.0,N,95.0,81.0,65.0,1.0,472.0,,,,,,,,,
67,2018-09-01,WN,WN,WN,3379,WN,N958WN,3379,10821,BWI,"Baltimore, MD",10994,CHS,"Charleston, SC",1225,1225.0,0.0,9.0,1234.0,1340.0,3.0,1400,1343.0,-17.0,0.0,,0.0,N,95.0,78.0,66.0,1.0,472.0,,,,,,,,,
68,2018-09-01,WN,WN,WN,6683,WN,N212WN,6683,10821,BWI,"Baltimore, MD",11042,CLE,"Cleveland, OH",900,857.0,-3.0,21.0,918.0,1005.0,5.0,1015,1010.0,-5.0,0.0,,0.0,N,75.0,73.0,47.0,1.0,314.0,,,,,,,,,
69,2018-09-01,WN,WN,WN,6177,WN,N711HK,6177,10821,BWI,"Baltimore, MD",11057,CLT,"Charlotte, NC",830,831.0,1.0,15.0,846.0,942.0,8.0,1000,950.0,-10.0,0.0,,0.0,N,90.0,79.0,56.0,1.0,361.0,,,,,,,,,
70,2018-09-01,WN,WN,WN,43,WN,N427WN,43,10821,BWI,"Baltimore, MD",11066,CMH,"Columbus, OH",1650,1646.0,-4.0,16.0,1702.0,1758.0,4.0,1805,1802.0,-3.0,0.0,,0.0,N,75.0,76.0,56.0,1.0,337.0,,,,,,,,,
71,2018-09-01,WN,WN,WN,62,WN,N922WN,62,10821,BWI,"Baltimore, MD",11066,CMH,"Columbus, OH",1915,1909.0,-6.0,10.0,1919.0,2013.0,4.0,2030,2017.0,-13.0,0.0,,0.0,N,75.0,68.0,54.0,1.0,337.0,,,,,,,,,
72,2018-09-01,WN,WN,WN,5431,WN,N8569Z,5431,10821,BWI,"Baltimore, MD",11066,CMH,"Columbus, OH",850,849.0,-1.0,24.0,913.0,1004.0,4.0,1010,1008.0,-2.0,0.0,,0.0,N,80.0,79.0,51.0,1.0,337.0,,,,,,,,,
73,2018-09-01,WN,WN,WN,3584,WN,N717SA,3584,10821,BWI,"Baltimore, MD",11193,CVG,"Cincinnati, OH",1400,1357.0,-3.0,18.0,1415.0,1523.0,5.0,1535,1528.0,-7.0,0.0,,0.0,N,95.0,91.0,68.0,1.0,430.0,,,,,,,,,
74,2018-09-01,WN,WN,WN,4192,WN,N8653A,4192,10821,BWI,"Baltimore, MD",11193,CVG,"Cincinnati, OH",835,831.0,-4.0,13.0,844.0,951.0,6.0,1010,957.0,-13.0,0.0,,0.0,N,95.0,86.0,67.0,1.0,430.0,,,,,,,,,
75,2018-09-01,WN,WN,WN,3218,WN,N8502Z,3218,10821,BWI,"Baltimore, MD",11259,DAL,"Dallas, TX",710,706.0,-4.0,9.0,715.0,848.0,4.0,920,852.0,-28.0,0.0,,0.0,N,190.0,166.0,153.0,1.0,1209.0,,,,,,,,,
76,2018-09-01,WN,WN,WN,5636,WN,N8643A,5636,10821,BWI,"Baltimore, MD",11259,DAL,"Dallas, TX",1630,1631.0,1.0,17.0,1648.0,1819.0,8.0,1835,1827.0,-8.0,0.0,,0.0,N,185.0,176.0,151.0,1.0,1209.0,,,,,,,,,
77,2018-09-01,WN,WN,WN,6214,WN,N8645A,6214,10821,BWI,"Baltimore, MD",11259,DAL,"Dallas, TX",1135,1133.0,-2.0,9.0,1142.0,1312.0,3.0,1340,1315.0,-25.0,0.0,,0.0,N,185.0,162.0,150.0,1.0,1209.0,,,,,,,,,
78,2018-09-01,WN,WN,WN,1288,WN,N8504G,1288,10821,BWI,"Baltimore, MD",11292,DEN,"Denver, CO",740,740.0,0.0,8.0,748.0,902.0,5.0,930,907.0,-23.0,0.0,,0.0,N,230.0,207.0,194.0,1.0,1491.0,,,,,,,,,
79,2018-09-01,WN,WN,WN,1447,WN,N8650F,1447,10821,BWI,"Baltimore, MD",11292,DEN,"Denver, CO",1415,1418.0,3.0,9.0,1427.0,1542.0,5.0,1605,1547.0,-18.0,0.0,,0.0,N,230.0,209.0,195.0,1.0,1491.0,,,,,,,,,
80,2018-09-01,WN,WN,WN,2771,WN,N8575Z,2771,10821,BWI,"Baltimore, MD",11292,DEN,"Denver, CO",1250,,,,,,,1435,,,1.0,B,0.0,N,225.0,,,1.0,1491.0,,,,,,,,,
81,2018-09-01,WN,WN,WN,5884,WN,N8719Q,5884,10821,BWI,"Baltimore, MD",11292,DEN,"Denver, CO",1615,1646.0,31.0,12.0,1658.0,1832.0,9.0,1805,1841.0,36.0,0.0,,0.0,N,230.0,235.0,214.0,1.0,1491.0,2.0,0.0,5.0,0.0,29.0,,,,
82,2018-09-01,WN,WN,WN,3061,WN,N8548P,3061,10821,BWI,"Baltimore, MD",11433,DTW,"Detroit, MI",2135,2125.0,-10.0,4.0,2129.0,2232.0,4.0,2300,2236.0,-24.0,0.0,,0.0,N,85.0,71.0,63.0,1.0,409.0,,,,,,,,,
83,2018-09-01,WN,WN,WN,3564,WN,N403WN,3564,10821,BWI,"Baltimore, MD",11433,DTW,"Detroit, MI",825,824.0,-1.0,15.0,839.0,940.0,5.0,955,945.0,-10.0,0.0,,0.0,N,90.0,81.0,61.0,1.0,409.0,,,,,,,,,
84,2018-09-01,WN,WN,WN,964,WN,N7883A,964,10821,BWI,"Baltimore, MD",11697,FLL,"Fort Lauderdale, FL",1300,1330.0,30.0,14.0,1344.0,1610.0,5.0,1535,1615.0,40.0,0.0,,0.0,N,155.0,165.0,146.0,1.0,925.0,30.0,0.0,10.0,0.0,0.0,,,,
85,2018-09-01,WN,WN,WN,1767,WN,N7749B,1767,10821,BWI,"Baltimore, MD",11697,FLL,"Fort Lauderdale, FL",1125,1125.0,0.0,11.0,1136.0,1339.0,5.0,1400,1344.0,-16.0,0.0,,0.0,N,155.0,139.0,123.0,1.0,925.0,,,,,,,,,
86,2018-09-01,WN,WN,WN,3196,WN,N925WN,3196,10821,BWI,"Baltimore, MD",11697,FLL,"Fort Lauderdale, FL",610,621.0,11.0,10.0,631.0,841.0,3.0,855,844.0,-11.0,0.0,,0.0,N,165.0,143.0,130.0,1.0,925.0,,,,,,,,,
87,2018-09-01,WN,WN,WN,3261,WN,N8639B,3261,10821,BWI,"Baltimore, MD",11697,FLL,"Fort Lauderdale, FL",1450,1457.0,7.0,14.0,1511.0,1719.0,2.0,1730,1721.0,-9.0,0.0,,0.0,N,160.0,144.0,128.0,1.0,925.0,,,,,,,,,
88,2018-09-01,WN,WN,WN,3437,WN,N710SW,3437,10821,BWI,"Baltimore, MD",11697,FLL,"Fort Lauderdale, FL",800,803.0,3.0,12.0,815.0,1019.0,4.0,1040,1023.0,-17.0,0.0,,0.0,N,160.0,140.0,124.0,1.0,925.0,,,,,,,,,
89,2018-09-01,WN,WN,WN,3613,WN,N8544Z,3613,10821,BWI,"Baltimore, MD",11697,FLL,"Fort Lauderdale, FL",1900,1928.0,28.0,11.0,1939.0,2141.0,3.0,2140,2144.0,4.0,0.0,,0.0,N,160.0,136.0,122.0,1.0,925.0,,,,,,1858.0,18.0,18.0,
90,2018-09-01,WN,WN,WN,3907,WN,N7817J,3907,10821,BWI,"Baltimore, MD",11697,FLL,"Fort Lauderdale, FL",1025,1027.0,2.0,11.0,1038.0,1237.0,2.0,1305,1239.0,-26.0,0.0,,0.0,N,160.0,132.0,119.0,1.0,925.0,,,,,,,,,
91,2018-09-01,WN,WN,WN,6654,WN,N8533S,6654,10821,BWI,"Baltimore, MD",11697,FLL,"Fort Lauderdale, FL",1630,1629.0,-1.0,83.0,1752.0,1954.0,3.0,1910,1957.0,47.0,0.0,,0.0,N,160.0,208.0,122.0,1.0,925.0,0.0,0.0,47.0,0.0,0.0,,,,
92,2018-09-01,WN,WN,WN,2166,WN,N241WN,2166,10821,BWI,"Baltimore, MD",11986,GRR,"Grand Rapids, MI",1100,1059.0,-1.0,9.0,1108.0,1222.0,4.0,1240,1226.0,-14.0,0.0,,0.0,N,100.0,87.0,74.0,1.0,528.0,,,,,,,,,
93,2018-09-01,WN,WN,WN,1761,WN,N8716B,1761,10821,BWI,"Baltimore, MD",12191,HOU,"Houston, TX",1945,1941.0,-4.0,12.0,1953.0,2132.0,8.0,2155,2140.0,-15.0,0.0,,0.0,N,190.0,179.0,159.0,1.0,1246.0,,,,,,,,,
94,2018-09-01,WN,WN,WN,4219,WN,N8315C,4219,10821,BWI,"Baltimore, MD",12191,HOU,"Houston, TX",710,706.0,-4.0,14.0,720.0,901.0,3.0,925,904.0,-21.0,0.0,,0.0,N,195.0,178.0,161.0,1.0,1246.0,,,,,,,,,
95,2018-09-01,WN,WN,WN,4447,WN,N8568Z,4447,10821,BWI,"Baltimore, MD",12191,HOU,"Houston, TX",1540,1538.0,-2.0,72.0,1650.0,1837.0,5.0,1755,1842.0,47.0,0.0,,0.0,N,195.0,244.0,167.0,1.0,1246.0,0.0,0.0,47.0,0.0,0.0,,,,
96,2018-09-01,WN,WN,WN,3471,WN,N7703A,3471,10821,BWI,"Baltimore, MD",12339,IND,"Indianapolis, IN",1105,1108.0,3.0,10.0,1118.0,1232.0,4.0,1245,1236.0,-9.0,0.0,,0.0,N,100.0,88.0,74.0,1.0,516.0,,,,,,,,,
97,2018-09-01,WN,WN,WN,3474,WN,N7703A,3474,10821,BWI,"Baltimore, MD",12391,ISP,"Islip, NY",1525,1526.0,1.0,15.0,1541.0,1622.0,5.0,1630,1627.0,-3.0,0.0,,0.0,N,65.0,61.0,41.0,1.0,220.0,,,,,,,,,
98,2018-09-01,WN,WN,WN,3772,WN,N781WN,3772,10821,BWI,"Baltimore, MD",12391,ISP,"Islip, NY",1140,1142.0,2.0,10.0,1152.0,1235.0,3.0,1245,1238.0,-7.0,0.0,,0.0,N,65.0,56.0,43.0,1.0,220.0,,,,,,,,,
99,2018-09-01,WN,WN,WN,6225,WN,N496WN,6225,10821,BWI,"Baltimore, MD",12391,ISP,"Islip, NY",2130,2133.0,3.0,12.0,2145.0,2228.0,4.0,2235,2232.0,-3.0,0.0,,0.0,N,65.0,59.0,43.0,1.0,220.0,,,,,,,,,
